"","logFC","AveExpr","t","P.Value","adj.P.Val","B","Gene"
"SLC3A2",-0.584530800450296,7.52611486376613,-6.69234776212883,7.38969520716305e-09,1.82400162997725e-07,10.0238002075359,"SLC3A2"
"IL1B",-0.66120261385937,4.51473178130548,-5.97151810873815,1.25389870034417e-07,1.97866993494027e-06,7.26392990099277,"IL1B"
"FLNB",0.524044730415227,6.79473948505602,4.52700303524444,2.78246666410691e-05,0.000187646322985344,2.03888993829556,"FLNB"
"COL6A3",1.30681488240115,4.98630733321291,4.3883825095866,4.53578399351773e-05,0.000283390561458864,1.57077618037782,"COL6A3"
"MYH10",0.614100069018311,8.17835191295747,4.16489926646003,9.82906235411371e-05,0.000549193349472004,0.832285828508772,"MYH10"
"PDLIM1",0.544607871064709,11.3911242926721,4.06347195425879,0.000138743464223543,0.0007309079841981,0.504164952269064,"PDLIM1"
"MAGI2",-0.769696792446942,9.09092308776946,-3.33076311404262,0.00146456826920125,0.00530974180465768,-1.71613533666367,"MAGI2"
"NCKAP1L",0.793834305328702,6.5666653137267,2.96295356336659,0.00432089038946486,0.0131274491009295,-2.71627864111137,"NCKAP1L"
"THSD7A",-0.667773624599327,11.225320590534,-2.61579864979373,0.0111718109492535,0.0289336696178541,-3.57887943949518,"THSD7A"
