"Pathway","DN_mean","Control_mean","log2FC","P_value","adj_P","Significance"
"ROS",-0.162592835484898,0.305796157732847,NA,5.80594708569934e-10,5.22535237712941e-09,"***"
"PPP",-0.19969838268664,0.399709604627818,NA,1.49773840062932e-09,6.73982280283196e-09,"***"
"Ferroptosis",-0.100456016655423,0.20806829836687,NA,4.232603887792e-07,1.2697811663376e-06,"***"
"Glutathione",-0.145676438133019,0.291614901238928,NA,2.02165724037881e-06,4.54872879085232e-06,"***"
"NADPH_metabolism",-0.116643835543793,0.258208115857182,NA,1.02249839462647e-05,1.84049711032765e-05,"***"
"Apoptosis",0.00428057426992387,-0.0607789434658687,NA,0.304706869111331,0.391765974571711,"ns"
"Necroptosis",0.0143527478300533,-0.0494031679762108,NA,0.30377042809974,0.391765974571711,"ns"
"Pyroptosis",0.00687887497203358,-0.0534387103189148,NA,0.477782301116525,0.537505088756091,"ns"
"Disulfidptosis",-0.00379012344298846,-0.00635421215543936,-0.745468422553509,0.953287988100844,0.953287988100844,"ns"
