"","Gene","logFC","P_value","adj_P","Significant"
"TALDO1","TALDO1",-0.601497522392682,1.11347017153701e-15,5.79004489199245e-14,TRUE
"SOD1","SOD1",-0.511804949053165,6.01267822427513e-12,1.04219755887436e-10,TRUE
"PRDX6","PRDX6",-0.819733580813576,4.93567894923965e-12,1.04219755887436e-10,TRUE
"TXNRD2","TXNRD2",-0.417623819985121,1.509927367073e-11,1.96290557719491e-10,TRUE
"OPLAH","OPLAH",-0.159793562222652,1.49616982160751e-10,1.55601661447181e-09,TRUE
"PRDX2","PRDX2",-0.780021897275517,2.03968787636565e-10,1.76772949285023e-09,TRUE
"SLC3A2","SLC3A2",-0.584530800450311,8.3098013451923e-10,6.17299528499999e-09,TRUE
"G6PD","G6PD",-0.224764582199907,1.89971458676299e-09,1.23481448139594e-08,TRUE
"GSTA1","GSTA1",-2.5358207687253,7.45330714444897e-09,4.30635523901496e-08,TRUE
"PRDX5","PRDX5",-0.417329998230217,1.1531455190726e-08,5.99635669917753e-08,TRUE
"GPX3","GPX3",-0.797903171784975,3.94095895189823e-08,1.86299877726098e-07,TRUE
"GSS","GSS",-0.580305959183539,8.69450004761173e-08,3.76761668729842e-07,TRUE
"KEAP1","KEAP1",-0.316275203811098,2.51680911555714e-07,1.00672364622286e-06,TRUE
"PGD","PGD",-0.409647871954497,4.65332832000973e-07,1.72837909028933e-06,TRUE
"GCLC","GCLC",-0.288128117395664,1.07347878107375e-06,3.72139310772235e-06,TRUE
"IDH2","IDH2",-0.802357943606165,7.32573378781904e-06,2.38086348104119e-05,TRUE
"PRDX3","PRDX3",-0.468317406824156,9.59802256343648e-06,2.93586572528645e-05,TRUE
"TXN","TXN",-0.385980536269098,4.22548647791204e-05,0.000122069609361903,TRUE
"GCLM","GCLM",-0.291201648096499,5.80735509360172e-05,0.000158938139403837,TRUE
"PGLS","PGLS",-0.443112179097215,8.16381081302882e-05,0.000212259081138749,TRUE
"CAT","CAT",-0.64764580013896,9.46323850676587e-05,0.000234327810643726,TRUE
"TXNRD1","TXNRD1",-0.273734424517079,0.000138788254876917,0.000328044966072712,TRUE
"NOX4","NOX4",-0.746228121230196,0.000188270777741486,0.000425655671415534,TRUE
"H6PD","H6PD",-0.242518861284994,0.000249983640365004,0.000541631220790841,TRUE
"NQO1","NQO1",-0.609333398796219,0.00042454080985638,0.000883044884501271,TRUE
"IDH1","IDH1",-0.607648902875736,0.000516568321893683,0.00103313664378737,TRUE
"GLUD2","GLUD2",-0.486612470892791,0.000562092906600652,0.00108254930160126,TRUE
"GSTP1","GSTP1",-0.153529873763608,0.000751365798555751,0.00139539362588925,TRUE
"ME1","ME1",-0.381676217592471,0.000937329998492026,0.00168072965246846,TRUE
"PRDX1","PRDX1",-0.197407502638288,0.00215967969015183,0.00374344479626317,TRUE
"GSR","GSR",-0.197754103366851,0.00442336536438896,0.00736238843624164,TRUE
"ANPEP","ANPEP",-1.00088127965207,0.0045307005761487,0.00736238843624164,TRUE
"SLC7A11","SLC7A11",0.30014987327528,0.00605058910791602,0.00953426162459494,TRUE
"TKT","TKT",-0.215286571962199,0.00719327939128041,0.0110014861278406,TRUE
"SOD3","SOD3",-0.259626149415643,0.00812016471488299,0.0120642447192547,TRUE
"GPX4","GPX4",-0.283792557263979,0.00843703704251809,0.0121868312836372,TRUE
"DUOX2","DUOX2",-0.0465808191969113,0.0197073543975923,0.0257304284861304,TRUE
"NFE2L2","NFE2L2",0.103806981502482,0.0194387986456421,0.0257304284861304,TRUE
"PRPS1","PRPS1",-0.14468621173334,0.0189442070839792,0.0257304284861304,TRUE
"PRPS2","PRPS2",-0.263410415219978,0.0197926372970234,0.0257304284861304,TRUE
"GPX1","GPX1",-0.184905458287178,0.0204348564430187,0.0259173789033407,TRUE
"GSTM1","GSTM1",-0.60231855941394,0.0345213223754652,0.042740684845814,TRUE
"CYBB","CYBB",0.741442219159877,0.0460122748191335,0.0556427509440684,FALSE
"NNT","NNT",-0.146134759456872,0.0761664829014591,0.0899117534190271,FALSE
"HMOX1","HMOX1",-0.237807511595363,0.0778082481510811,0.0899117534190271,FALSE
"GPX2","GPX2",0.205489322006444,0.104557197521046,0.118195092849879,FALSE
"PRDX4","PRDX4",0.103029554689599,0.128606350389028,0.142287877026158,FALSE
"NOX1","NOX1",-0.0252605937338179,0.199440692205393,0.216060749889175,FALSE
"ME3","ME3",0.0788788972869865,0.240236440954282,0.254944794482095,FALSE
"GLUD1","GLUD1",-0.098359449663576,0.27331665949113,0.284249325870775,FALSE
"ME2","ME2",0.0722531601056282,0.351448869820954,0.358340024131169,FALSE
"DUOX1","DUOX1",0.00587758791893078,0.758716771887891,0.758716771887891,FALSE
