"CellType","Mean_DN","Mean_Control","log2FC","P_value","adj_P","Significant"
"Activated CD8 T cell",0.17168242858302,0.189430372498342,-0.0177479439153218,0.421750301304363,0.534312272148511,FALSE
"Effector memory CD8 T cell",0.171766112774924,0.134682427567074,0.0370836852078505,0.175234767184083,0.306011501089771,FALSE
"Central memory CD8 T cell",-0.0560285844413945,-0.0732305559315015,0.017201971490107,0.514254933975582,0.575084189722751,FALSE
"Activated CD4 T cell",-0.117891002126629,-0.142684711701899,0.0247937095752707,0.14566979281832,0.280934600435331,FALSE
"Effector memory CD4 T cell",-0.0501644909121632,-0.0828099906659949,0.0326454997538317,0.114271518426293,0.237333153654609,FALSE
"T follicular helper cell",0.0184386770795374,0.0207348836586671,-0.00229620657912975,0.838764504459699,0.87102467770815,FALSE
"Th1 cell",-0.00151021655150724,-0.0279899471752764,0.0264797306237691,0.0406306464246161,0.099729768496785,FALSE
"Th2 cell",0.0236309190933814,0.0145135721967808,0.00911734689660067,0.324867047144291,0.461653172257677,FALSE
"Th17 cell",0.0158292108421312,0.0484074750002567,-0.0325782641581255,1.29769194569876e-06,3.50376825338666e-05,TRUE
"Treg",-0.107196554652236,-0.135738401137614,0.0285418464853785,0.00265714942755952,0.00797144828267857,TRUE
"Naive B cell",-0.218920781604316,-0.261219373542546,0.0422985919382305,0.017113220855485,0.0462056963098096,TRUE
"Memory B cell",0.0529500073439162,0.0285247898471074,0.0244252174968088,0.109380344325059,0.237333153654609,FALSE
"Plasma cell",0.18064154810553,0.198796169428506,-0.0181546213229752,0.181340148793938,0.306011501089771,FALSE
"NK cell",-0.00104471104205306,0.0169369321653484,-0.0179816432074014,0.324728200206452,0.461653172257677,FALSE
"NK T cell",0.239536291445067,0.225393269027777,0.0141430224172905,0.471111599855788,0.553044052004621,FALSE
"Monocyte",0.333383902531791,0.310890270098648,0.022493632433144,0.273911507341122,0.435035923424135,FALSE
"Macrophage M1",-0.0301500658494759,-0.0440179967847184,0.0138679309352424,0.403847539060144,0.534312272148511,FALSE
"Macrophage M2",0.0992153686192927,-0.00617763692226938,0.105393005541562,0.000594985083566134,0.0026774328760476,TRUE
"Neutrophil",-0.135498935492708,-0.0497046564328252,-0.0857942790598824,0.00056606714109043,0.0026774328760476,TRUE
"Eosinophil",-0.346672967165589,-0.283964608380238,-0.0627083587853506,0.000813990888564708,0.00274721924890589,TRUE
"Mast cell",-0.0961900621321994,-0.235645020500909,0.139454958368709,0.0007200088751749,0.00274721924890589,TRUE
"Myeloid dendritic cell",0.00974782129162379,-0.0978769419394204,0.107624763231044,7.77467160273931e-05,0.00070624789129207,TRUE
"Plasmacytoid dendritic cell",0.259003223575795,0.22562395060952,0.033379272966275,7.84719879213411e-05,0.00070624789129207,TRUE
"Immature dendritic cell",-0.20068732387593,-0.292448701859018,0.0917613779830884,0.000285313111196115,0.00192586350057378,TRUE
"Follicular helper T cell",-0.162934648087315,-0.163798533185321,0.000863885098005945,0.935310215907564,0.935310215907564,FALSE
"Central memory CD4 T cell",0.0163779068106347,-0.00406996161742677,0.0204478684280615,0.435365555083972,0.534312272148511,FALSE
"Effector memory T cell",0.0909290554508673,0.105819055963852,-0.0148900005129848,0.532485360854399,0.575084189722751,FALSE
