"Gene","logFC","P_value","CellType","N_DN","N_Ctrl","adj_P","Significant"
"ENSG00000123338",0.00404811271195445,0.170036860063055,"0",877,2095,0.401853604751752,FALSE
"ENSG00000005108",0.0346168898716767,0.220420717138488,"0",877,2095,0.441690285097498,FALSE
"ENSG00000133026",0.032983392056284,0.175805583575116,"0",877,2095,0.401853604751752,FALSE
"ENSG00000107438",0.0136042700526755,0.100179609198705,"0",877,2095,0.354052865991693,FALSE
"ENSG00000125538",0,NA,"0",877,2095,NA,NA
"ENSG00000136068",0.0112404258280103,0.597738962018433,"0",877,2095,0.758325548829356,FALSE
"ENSG00000168003",-0.0231308927879136,0.537525623113557,"0",877,2095,0.702918122533113,FALSE
"ENSG00000123338",0.00829548634323318,0.0344840990508822,"1",1127,1581,0.209367744237499,FALSE
"ENSG00000005108",0.055361696145132,0.171291962919258,"1",1127,1581,0.401853604751752,FALSE
"ENSG00000133026",-0.0272890436089133,0.44867488277203,"1",1127,1581,0.635622750593709,FALSE
"ENSG00000107438",-4.49638560491416e-05,0.994018962162657,"1",1127,1581,0.994018962162657,FALSE
"ENSG00000125538",0,NA,"1",1127,1581,NA,NA
"ENSG00000136068",0.0423732225039707,0.196658736546973,"1",1127,1581,0.412843582015585,FALSE
"ENSG00000168003",0.00117366344900802,0.950536681315644,"1",1127,1581,0.9734411796606,FALSE
"ENSG00000123338",0,NA,"10",299,349,NA,NA
"ENSG00000005108",0.144924182521446,0.108710714849918,"10",299,349,0.355400413932424,FALSE
"ENSG00000133026",-0.0540305675684109,0.179652199771372,"10",299,349,0.401853604751752,FALSE
"ENSG00000107438",0.00897932752574656,0.527733642352362,"10",299,349,0.700896243749231,FALSE
"ENSG00000125538",0,NA,"10",299,349,NA,NA
"ENSG00000136068",0.00400733451348509,0.887164981273582,"10",299,349,0.957756211386603,FALSE
"ENSG00000168003",0.00948473760518864,0.793804791527732,"10",299,349,0.887949519255277,FALSE
"ENSG00000123338",0,NA,"12",276,248,NA,NA
"ENSG00000005108",0.0937501108377557,0.199136316031047,"12",276,248,0.412843582015585,FALSE
"ENSG00000133026",-0.00698879399471258,0.907322970472699,"12",276,248,0.960957922302772,FALSE
"ENSG00000107438",0,NA,"12",276,248,NA,NA
"ENSG00000125538",0,NA,"12",276,248,NA,NA
"ENSG00000136068",-0.00192754532683564,0.979734871005374,"12",276,248,0.991398381374485,FALSE
"ENSG00000168003",0.169458525735076,0.00314949872904285,"12",276,248,0.0446178986614403,TRUE
"ENSG00000123338",0.010929277143539,0.318424294694867,"15",218,181,0.501223426834514,FALSE
"ENSG00000005108",-0.055462000999457,0.395069195592821,"15",218,181,0.59965860045339,FALSE
"ENSG00000133026",0.0574975303186446,0.517353160541402,"15",218,181,0.698016168984431,FALSE
"ENSG00000107438",0.0167899166501213,0.793931334863542,"15",218,181,0.887949519255277,FALSE
"ENSG00000125538",0,NA,"15",218,181,NA,NA
"ENSG00000136068",-0.126975221387849,0.123003472537841,"15",218,181,0.360527419507466,FALSE
"ENSG00000168003",-0.0375618371621013,0.42938367991495,"15",218,181,0.629269186082254,FALSE
"ENSG00000123338",0.375785702074892,0.0206397311209596,"17",217,19,0.14619809544013,FALSE
"ENSG00000005108",-0.171357137833847,0.370415856903173,"17",217,19,0.572460869759449,FALSE
"ENSG00000133026",-0.0836168948907968,0.591173429195349,"17",217,19,0.758325548829356,FALSE
"ENSG00000107438",0.0428247124583226,0.0499766543569495,"17",217,19,0.265500976271294,FALSE
"ENSG00000125538",-0.110962653272904,0.409485060922075,"17",217,19,0.610635617164498,FALSE
"ENSG00000136068",0.132925186609954,0.000578348615021758,"17",217,19,0.00983192645536989,TRUE
"ENSG00000168003",-0.0508935248119161,0.671682940348032,"17",217,19,0.815614998994039,FALSE
"ENSG00000123338",0,NA,"2",773,1792,NA,NA
"ENSG00000005108",0.110207545624187,0.000575999663036838,"2",773,1792,0.00983192645536989,TRUE
"ENSG00000133026",0.0497492297609195,0.0996481844784256,"2",773,1792,0.354052865991693,FALSE
"ENSG00000107438",-0.00118793457218219,0.707756783789943,"2",773,1792,0.847314459466833,FALSE
"ENSG00000125538",-0.00108978523561613,0.753364083540035,"2",773,1792,0.87720475480689,FALSE
"ENSG00000136068",0.00927465102584107,0.791910802780534,"2",773,1792,0.887949519255277,FALSE
"ENSG00000168003",0.0391268489752042,0.0918835698533764,"2",773,1792,0.354052865991693,FALSE
"ENSG00000123338",0.00142998374171711,0.317471152319947,"3",1507,996,0.501223426834514,FALSE
"ENSG00000005108",0.194923054385485,2.41444334424986e-09,"3",1507,996,2.05227684261238e-07,TRUE
"ENSG00000133026",-0.0820281505591844,0.0130660201483714,"3",1507,996,0.138008944975974,FALSE
"ENSG00000107438",0.00652621531642891,0.282696912105727,"3",1507,996,0.501223426834514,FALSE
"ENSG00000125538",-0.00495595858834126,0.166749626083062,"3",1507,996,0.401853604751752,FALSE
"ENSG00000136068",0.08804378579211,0.0195109497104732,"3",1507,996,0.14619809544013,FALSE
"ENSG00000168003",-0.0389259604900994,0.0753827770528736,"3",1507,996,0.354052865991693,FALSE
"ENSG00000123338",0.0065564552684934,0.264718046513355,"4",655,1220,0.489152912035547,FALSE
"ENSG00000005108",0.1071759425309,0.016868640265266,"4",655,1220,0.143383442254761,FALSE
"ENSG00000133026",-0.0676645614538121,0.00920315228160394,"4",655,1220,0.111752563419476,FALSE
"ENSG00000107438",0.0125143458691607,0.177141517533823,"4",655,1220,0.401853604751752,FALSE
"ENSG00000125538",-0.00141642922528028,0.31750896651172,"4",655,1220,0.501223426834514,FALSE
"ENSG00000136068",0.102088174923884,0.0146127118209854,"4",655,1220,0.138008944975974,FALSE
"ENSG00000168003",0.0301705109986851,0.258001503454404,"4",655,1220,0.487336173191652,FALSE
"ENSG00000123338",0,NA,"5",527,434,NA,NA
"ENSG00000005108",-0.0588796118460765,0.196206491568519,"5",527,434,0.412843582015585,FALSE
"ENSG00000133026",-0.0689470801947583,0.100570875407912,"5",527,434,0.354052865991693,FALSE
"ENSG00000107438",0.0502226191138218,0.159629975770229,"5",527,434,0.401853604751752,FALSE
"ENSG00000125538",0.00262497441595151,0.494856263259392,"5",527,434,0.683201517561121,FALSE
"ENSG00000136068",-0.0142966607155108,0.816915351694584,"5",527,434,0.901789673948566,FALSE
"ENSG00000168003",0.0150920716414936,0.747931281233109,"5",527,434,0.87720475480689,FALSE
"ENSG00000123338",0,NA,"6",72,867,NA,NA
"ENSG00000005108",-0.094941484900562,0.223443320696382,"6",72,867,0.441690285097498,FALSE
"ENSG00000133026",-0.0957564339126498,0.248821936514901,"6",72,867,0.480678740994695,FALSE
"ENSG00000107438",0.00114053720711375,0.93577827523551,"6",72,867,0.970014065792906,FALSE
"ENSG00000125538",-0.00294161647500625,0.161747854825055,"6",72,867,0.401853604751752,FALSE
"ENSG00000136068",-0.0147466742810562,0.890149890582843,"6",72,867,0.957756211386603,FALSE
"ENSG00000168003",0.0345625689971749,0.663170573940686,"6",72,867,0.815614998994039,FALSE
"ENSG00000123338",0,NA,"7",522,356,NA,NA
"ENSG00000005108",0.08140708740516,0.104069267843335,"7",522,356,0.354052865991693,FALSE
"ENSG00000133026",0.00361878032177462,0.915736373017936,"7",522,356,0.960957922302772,FALSE
"ENSG00000107438",0.0971107475185673,0.142213852668245,"7",522,356,0.401853604751752,FALSE
"ENSG00000125538",0.00393010108458779,0.317774720105908,"7",522,356,0.501223426834514,FALSE
"ENSG00000136068",0.0939574125452228,0.120201507880793,"7",522,356,0.360527419507466,FALSE
"ENSG00000168003",-0.0999162340647367,0.0276690535937011,"7",522,356,0.180913042728045,FALSE
"ENSG00000123338",0.00186538960234414,0.31760371681473,"8",826,36,0.501223426834514,FALSE
"ENSG00000005108",0.594706938922644,5.09941521076742e-05,"8",826,36,0.00216725146457615,TRUE
"ENSG00000133026",0.201378796758436,0.10370332083114,"8",826,36,0.354052865991693,FALSE
"ENSG00000107438",0.0330756192914026,0.000199901283134256,"8",826,36,0.00566386968880392,TRUE
"ENSG00000125538",0,NA,"8",826,36,NA,NA
"ENSG00000136068",-0.313630700881763,0.0754439667979718,"8",826,36,0.354052865991693,FALSE
"ENSG00000168003",0.0836834762029656,0.442282735772705,"8",826,36,0.635622750593709,FALSE
"ENSG00000123338",0.00671125052533433,0.318066075320743,"9",321,345,0.501223426834514,FALSE
"ENSG00000005108",-0.0291084953268962,0.642910222362928,"9",321,345,0.80363777795366,FALSE
"ENSG00000133026",0.0660963621769702,0.114359949374126,"9",321,345,0.36002206284447,FALSE
"ENSG00000107438",0.0469901522658839,0.10413319587991,"9",321,345,0.354052865991693,FALSE
"ENSG00000125538",-0.00312346661429813,0.318013399690127,"9",321,345,0.501223426834514,FALSE
"ENSG00000136068",0.163144651805512,0.0387854272823109,"9",321,345,0.219784087933095,FALSE
"ENSG00000168003",-0.0311192240552762,0.498335224573994,"9",321,345,0.683201517561121,FALSE
