"Description","p.adjust","Count","geneID"
"pentose-phosphate shunt",0.00742977742792044,3,"PGD/G6PD/TP53"
"cellular response to mechanical stimulus",0.00742977742792044,4,"MAPK3/NFKB1/SLC2A1/IL1B"
"cellular response to external stimulus",0.00742977742792044,4,"MAPK3/NFKB1/SLC2A1/IL1B"
"NADPH regeneration",0.00765203252907978,3,"PGD/G6PD/TP53"
"glucose 6-phosphate metabolic process",0.0098705278815608,3,"PGD/G6PD/TP53"
"cortical actin cytoskeleton organization",0.0177907513189418,3,"NCKAP1/IQGAP1/NCKAP1L"
"NADP+ metabolic process",0.0179827521830216,3,"PGD/G6PD/TP53"
"generation of precursor metabolites and energy",0.0219134686428302,6,"PGD/G6PD/GYS1/NDUFS1/TP53/NDUFA11"
"cortical cytoskeleton organization",0.0379881938580124,3,"NCKAP1/IQGAP1/NCKAP1L"
"cellular response to abiotic stimulus",0.0379881938580124,5,"MAPK3/NFKB1/TP53/SLC2A1/IL1B"
"cellular response to environmental stimulus",0.0379881938580124,5,"MAPK3/NFKB1/TP53/SLC2A1/IL1B"
"glomerular epithelial cell development",0.043295284460665,2,"IQGAP1/MAGI2"
"hyaluronan biosynthetic process",0.0488027752859874,2,"NFKB1/IL1B"
