Target_Gene,Drug,Approved,InteractionScore,InteractionType,Sources,N_Sources
IL1B,CANAKINUMAB,True,2.5947,immunotherapy;inhibitor(INHIBITORY),TEND;TdgClinicalTrial;MyCancerGenome;TTD;ChEMBL,5
IL1B,TT-301,False,2.0758,,TTD,1
IL1B,POLYVALENT VACCINE,False,2.0758,,NCI,1
IL1B,GEVOKIZUMAB,False,2.0758,,TdgClinicalTrial;TTD,2
IL1B,CDP-484,False,1.0379,inhibitor(INHIBITORY),ChEMBL,1
IL1B,GEVOKIZUMAB,False,1.0379,negative modulator(INHIBITORY),ChEMBL,1
IL1B,GLUCOSAMINE,True,1.0379,,TTD,1
IL1B,NIMUSTINE,False,0.7784,,NCI,1
IL1B,NICARDIPINE HYDROCHLORIDE,True,0.6919,,NCI,1
IL1B,THYROGLOBULIN,True,0.6919,,NCI,1
IL1B,PENTAMIDINE,True,0.6919,,NCI,1
IL1B,RILONACEPT,True,0.6919,inhibitor(INHIBITORY),TTD;ChEMBL,2
IL1B,TILUDRONIC ACID,True,0.6919,,PharmGKB,1
IL1B,LUTIKIZUMAB,False,0.5189,,TTD,1
IL1B,CELASTROL,False,0.5189,,TTD,1
IL1B,LUTIKIZUMAB,False,0.5189,inhibitor(INHIBITORY),ChEMBL,1
IL1B,RISEDRONIC ACID,True,0.5189,,PharmGKB,1
IL1B,ECHINACEA EXTRACT,False,0.5189,,NCI,1
IL1B,CHINESE HERBS,False,0.5189,,NCI,1
IL1B,MAFOSFAMIDE,False,0.5189,,NCI,1
IL1B,CLODRONIC ACID,True,0.2965,,PharmGKB,1
IL1B,MITOGEN-ACTIVATED PROTEIN KINASE INHIBITOR,False,0.2965,,NCI,1
IL1B,GALLIUM NITRATE,True,0.2595,,TTD,1
IL1B,DRUGSATFDA.NDA:008378,False,0.2306,,NCI,1
IL1B,DIACETYLRHEIN,False,0.2306,,TdgClinicalTrial;TTD,2
IL1B,ACITRETIN,True,0.1946,,NCI,1
IL1B,OFLOXACIN,True,0.173,,NCI,1
IL1B,ETIDRONIC ACID,False,0.1384,,PharmGKB,1
IL1B,CEFACLOR ANHYDROUS,True,0.1221,,NCI,1
IL1B,RESVERATROL,False,0.1221,,NCI,1
IL1B,BECLOMETHASONE DIPROPIONATE,True,0.1221,,NCI,1
IL1B,HYDROQUINONE,True,0.1221,,NCI,1
IL1B,ANTICONVULSANT AGENT,False,0.1093,,NCI,1
IL1B,FLUTICASONE,True,0.1093,,NCI,1
IL1B,USTEKINUMAB,True,0.1038,,PharmGKB,1
IL1B,THERAPEUTIC MELATONIN,False,0.0988,,NCI,1
IL1B,ERYTHROMYCIN,True,0.0903,,NCI,1
IL1B,INFLIXIMAB,True,0.089,,PharmGKB,1
IL1B,IBUDILAST,True,0.0865,,TTD,1
IL1B,PRAVASTATIN SODIUM,True,0.0798,,PharmGKB,1
IL1B,LANSOPRAZOLE,True,0.0798,,NCI,1
IL1B,PAREGORIC,True,0.0716,,PharmGKB,1
IL1B,RALOXIFENE HYDROCHLORIDE,True,0.0629,,NCI,1
IL1B,PENTOXIFYLLINE,True,0.0611,,NCI,1
IL1B,HYDROCORTISONE BUTYRATE,True,0.0519,,NCI,1
IL1B,LITHIUM CATION,True,0.0483,,NCI,1
IL1B,VERAPAMIL,True,0.0461,,NCI,1
IL1B,ANTIDEPRESSANT AGENT,False,0.0407,,NCI,1
IL1B,METFORMIN,True,0.0384,,PharmGKB,1
IL1B,TETRADECANOYLPHORBOL ACETATE,False,0.0324,,NCI,1
IL1B,CYTARABINE,True,0.0233,,NCI,1
SLC3A2,IGN523,False,105.864,antibody(INHIBITORY),GuideToPharmacology;TTD,2
THSD7A,CLOPIDOGREL,True,2.7145,,PharmGKB,1
